"The Abrams Brothers"	http://www.theabramsbrothers.com
"Absinthe Minds"	http://www.myspace.com/absintheminds
ABSU	http://www.myspace.com/absu
"Ace Enders"	http://www.myspace.com/aceendersandamilliondifferentpeople
"A Classic Education"	http://www.aclassiceducation.com
"Acoustik Wire"	http://www.blueswire.gr
"Action Action"	http://action-action.com
"Act Of Congress"	http://www.sonicbids.com/actofcongressmusic
"A Day To Remember"	http://myspace.com/adaytoremember
Adventure	http://www.myspace.com/adventuresound
"Afghan Raiders"	http://www.sonicbids.com/AFGHANRAIDERS
Afterhours	http://www.sonicbids.com/afterhoursitaly
"AIDS Wolf"	http://www.aidswolf.net
"The Aimless Never Miss"	http://www.theaimlessnevermiss.com
"The Airborne Toxic Event"	http://theairbornetoxicevent.com
Akron/Family	http://www.akronfamily.com/
Alash	http://www.sonicbids.com/Alash
"Alexandre Grooves"	http://www.alexandregrooves.com.br
Alexisonfire	http://www.theonlybandever.com
"Tom Allalone & The 78s"	http://www.myspace.com/tomallalone
Allison	http://www.myspace.com/allison
"Gabi Almeida"	http://www.sonicbids.com/gabialmeida
"Dave Alvin"	http://davealvin.net
Anathallo	http://www.anathallo.com
Ancestors	http://ancestorsmusic.com/
Anchorsong	http://www.myspace.com/anchorsong
"Angela Desveaux & The Mighty Ship"	http://www.angeladesveaux.com
"Angry Vs The Bear"	http://www.myspace.com/angryvsthebear
"An Horse"	http://www.anhorse.com
"Amy Annelle"	http://www.highplainssigh.com
"Annihilation Time"	http://www.annihilationtime.net/
Annuals	http://annualsmusic.com
"The Answering Machine"	http://www.sonicbids.com/TheAnsweringMachine
"Anti-Pop Consortium"	http://www.spectrummusic.net/
"Apollo Sunshine"	http://www.apollosunshine.com
Arabrot	http://www.sonicbids.com/arabrot
"The ARC Angels"	http://www.myspace.com/thearcangels
Arkells	http://www.myspace.com/arkellsmusic
"Bomani Armah & Project Mayhem"	http://www.sonicbids.com/BomaniArmah
"Arms and Legs"	http://www.sonicbids.com/armsandlegs
"Arms and Sleepers"	http://www.myspace.com/armsandsleepers
"Artefacts For Space Travel"	http://www.myspace.com/artefactsforspacetravel
"Asakusa Jinta"	http://www.asakusajinta.com
Ashu	http://www.sonicbids.com/Ashu
"The Asteroid #4"	http://www.asteroid4.com
"The Asteroids Galaxy Tour"	http://www.theasteroidsgalaxytour.com
"Asylum Street Spankers"	http://www.asylumstreetspankers.com
"Pugs Atomz"	http://www.sonicbids.com/Pugsatomz
"Melissa Auf der Maur"	http://xmadmx.com
Aun	http://www.sonicbids.com/AUN3
"Au Revoir Simone"	http://www.aurevoirsimone.com
Autons	http://www.myspace.com/autons
Autozamm	http://www.autozamm.co.nz
"Awkward I"	http://myspace.com/awkwardi
Babydick	http://myspace.com/deathhellbattletank
"Baby Robots"	http://www.myspace.com/babyrobots
"Back Door Slam"	http://www.backdoorslam.com/home.htm
"Backseat Goodbye"	http://www.backseatgoodbye.com
Baddies	http://www.myspace.com/baddies
"Mike Badger"	http://www.mikebadger.co.uk
"Sam Baker"	http://www.sambakermusic.com
Balmorhea	http://balmorheamusic.com/
"Volodja Balzalorsky"	http://www.sonicbids.com/Balzalorsky
"Bam Bam"	http://myspace.com/dalebambam
"The Band of Heathens"	http://bandofheathens.com
"Bang! Bang! Eche!"	http://www.sonicbids.com/BangBangEche
"The Baptist Generals"	http://www.baptistgenerals.com
Barcelona	http://www.sonicbids.com/Barcelona
"Barn Owl"	http://electrictotem.com/barnowl/
Baskery	http://www.sonicbids.com/Baskery
"Beach House"	http://www.beachhousemusic.net
"Beans on Toast"	http://www.myspace.com/sexdrugspolitics
"Bear in Heaven"	http://www.bearinheaven.com
"Beautiful Nubia"	http://www.sonicbids.com/BeautifulNubia
"Bedouin Soundclash"	http://www.bedouinsoundclash.com
"Beep Beep"	http://www.ilovebeepbeep.com
"Kim Beggs"	http://www.sonicbids.com/KimBeggs
Belladonna	http://www.myspace.com/wwwbelladonnatv
"Chris Bell"	http://www.chrisbell.net
Belong	http://www.myspace.com/belongmusic
"Benny Crespo's Gang"	http://www.sonicbids.com/bennycresposgang
"Chris Bergson"	http://www.chrisbergson.com
"The Besties"	http://www.thebesties.com
"Jim Bianco"	http://www.jimbianco.com
"Big Sam's Funky Nation"	http://www.bigsamsfunkynation.com
"Binary Audio Misfits"	http://www.myspace.com/experiencefrenchband
"Diane Birch"	http://www.myspace.com/dianebirch
"Andrew Bird"	http://www.andrewbird.net
"Martina Topley Bird"	http://www.martinatopleybird.com
"Birds Of Tokyo"	http://www.sonicbids.com/BirdsOfTokyo
"Birds of Wales"	http://www.birdsofwales.com
"Wallis Bird"	http://www.wallisbird.com
Bisc1	http://www.busybisc1.com
Bishi	http://www.sonicbids.com/Bishi
"Bitter End"	http://deathwishinc.com/bands/71
"Black Acid"	http://www.myspace.com/officialblackacid
"The Black Angels"	http://www.theblackangels.com
"Black Cherry"	http://www.myspace.com/blackcherrymusic
"Black Diamond Heavies"	http://www.blackdiamondheavies.com
"Black Drawing Chalks"	http://www.myspace.com/blackdrawingchalks
"Black Gold"	http://www.blackgoldmusic.com
"The Black Hollies"	http://www.theblackhollies.com
"Black Joe Lewis & The Honeybears"	http://www.blackjoelewis.com
"Black Lips"	http://www.black-lips.com
"Blacklisted Individuals"	http://www.sonicbids.com/BlacklistedIndividuals
"Black Math Horseman"	http://www.blackmathhorseman.com/
"Black Skies"	http://www.blackskies.us
Bleeders	http://myspace.com/thebleeders
"Blind Pilot"	http://www.blindpilotmusic.com
"BLK JKS"	http://www.blkjks.com
Bloodgroup	http://www.sonicbids.com/Bloodgroup
"Blood Red Throne"	http://www.myspace.com/bloodredthrone666
"The Bloodsugars"	http://www.sonicbids.com/TheBloodsugars
Blu	http://www.myspace.com/herfavcolor
"Blue Giant"	http://www.bluegiantland.com/
"Blue King Brown"	http://BlueKingBrown.com
"Blue Scholars"	http://www.bluescholars.com
"BM Linx"	http://www.bmlinx.com
BOAT	http://boat.ohnodisaster.com
"The Boat People"	http://www.sonicbids.com/TheBoatPeople
Boats	http://www.sonicbids.com/boats
B.o.B	http://www.myspace.com/bobatl
"Bogan Dust"	http://myspace.com/bogandust
"Bogart and the Addictives"	http://www.myspace.com/bogartandtheaddictives
Bo-Keys	http://www.ponderosastomp.com
"Haley Bonar"	http://www.haleybonar.com
"Bonjour Brumaire"	http://www.myspace.com/bonjourbrumaire
BO-PEEP	http://bo-peep3.com/
"Sarah Borges and the Broken Singles"	http://sarahborges.com
"Bottle Rockets"	http://www.bottlerocketsmusic.com
"Boxcar Satan"	http://www.boxcarsatan.com
"Bonnie Bramlett"	http://www.bonniebramlett.com
"Cory Branan"	http://www.corybranan.com
Brigade	http://www.brigadeofficial.com
"Jackie Bristow"	http://www.sonicbids.com/JackieBristow2
"Broken Records"	http://www.myspace.com/brokenrecordsedinburgh
"The Bronx"	http://www.thebronxxx.com
"Tom Brosseau"	http://www.tombrosseau.com
"David Thomas Broughton"	http://myspace.com/davidthomasbroughton
"Cliff Brown Jr"	http://www.cliffbrownjr.com
"Trey Brown"	http://www.sonicbids.com/TreyBrown
"The Brunettes"	http://www.myspace.com/thebrunettes
"Nell Bryden"	http://www.sonicbids.com/NellBryden
"Buck 65"	http://buck65.com
Buff1	http://www.myspace.com/buff1der
"Andy Bull"	http://www.andybull.com.au
"Buraka Som Sistema"	http://www.buraka.tv
"Grecco Buratto"	http://www.myspace.com/greccoburattomusic
"Mamá Burger"	http://www.nenerecords.net/nenebandas/mama-burger/
"Joby Burgess"	http://www.myspace.com/powerplantjobyburgess
"Steve Burns"	http://www.myspace.com/steveburnsofficialmyspace
"Lee Burridge"	http://www.myspace/leeburridge
Bushwalla	http://www.bushwalla.net
"Butterfly Boucher"	http://www.myspace.com/butterflyboucherhttp://www.myspace.com/butterflyboucher
Cactus's	http://www.sonicbids.com/Cactuss
"Cadence Weapon"	http://www.cadenceweaponmusic.com
"Cafe Funque"	http://www.myspace.com/cafefunque
Cage	http://www.definitivejux.net
Callers	http://westernvinyl.com/callers.html
"Chanel Campbell"	http://www.chanelcampbell.com
"Greg Camp"	http://www.myspace.com/gregcamp
"Candy Coated Killahz"	http://www.sonicbids.com/CCK
"Canja Rave"	http://www.myspace.com/canjaraveoficial
Canopy	http://www.bananacity.org
Capsula	http://www.capsula.org
"Loene Carmen"	http://www.sonicbids.com/LOENECARMEN
"Carolina Chocolate Drops"	http://www.carolinachocolatedrops.com
"Cash Cash"	http://cashcashmusic.com
"Cashier No.9"	http://www.myspace.com/cashierno9
CASIOKIDS	http://casiokids.com
"Cassim & Barbaria"	http://www.sonicbids.com/Cassimf
Castledoor	http://www.myspace.com/CastledoorMusic
"Gavin Castleton"	http://www.gavincastleton.com
Catpeople	http://www.myspace.com/catpeoplespain
"Slim Cessna's Auto Club"	http://www.slimcessnasautoclub.com
"Charlie Everywhere"	http://www.myspace.com/charlieeverywhere2
"Cheeky Cheeky And The Nosebleeds"	http://www.myspace.com/cheekynosebleeds
Cheeseburger	http://www.cheeseburgernyc.com
"The Chevelles"	http://myspace.com/thechevelles
"The Chicharones"	http://www.chicharones.com
"Suzanna Choffel"	http://www.sonicbids.com/SuzannaChoffel
"Margaret Cho"	http://www.margaretcho.com
"Choo Choo"	http://www.choochootheband.com
"Chris T-T"	http://www.sonicbids.com/ChrisTT2
"Chuck Mead"	http://http://www.myspace.com/chuckmeadmusic
"Gabriella Cilmi"	http://www.myspace.com/gabriellacilmi
"The City Lives"	http://www.sonicbids.com/TheCityLives
CKY	http://ckyalliance.com
Cla	http://www.cla.pt
Classixx	http://www.myspace.com/classixxmusic
"The Cliks"	http://www.thecliks.com
"Closure In Moscow"	http://www.myspace.com/closureinmoscow
CLP	http://www.chrisdelucavsphono.com
"The Coathangers"	http://www.thecoathangers.com
Coliseum	http://coliseumsoundsystem.com
Colossus	http://www.meltedfaces.com
Colourmusic	http://www.colourmusic.net
"Colour Revolt"	http://www.colourrevolt.com
"Coma in Algiers"	http://www.comainalgiers.com
"Come On Gang!"	http://www.myspace.com/comeongangmusic
"Common Market"	http://www.commonmarketmusic.com
Conil	http://www.sonicbids.com/conil
"Connan Mockasin"	http://www.myspace.com/connanmockasin
Contramano	http://www.sonicbids.com/CONTRAMANO
Coreysan	http://www.sonicbids.com/Coreysan
"Murali Coryell"	http://www.sonicbids.com/MuraliCoryell
"The Courteeners"	http://www.thecourteeners.com
"Cousin Cole"	http://www.myspace.com/cousincole
"Paul Couture"	http://www.sonicbids.com/PaulCouture
"Samantha Crain & the Midnight Shivers"	http://www.samanthacrain.com
"Crash Kings"	http://www.crashkingsmusic.com
"Crazy P"	http://www.crazyp.co.uk
Creature	http://www.creatureband.com
"AJ Croce"	http://rajiworld.com/artists/ajcroce.php
Crocodile	http://www.sonicbids.com/Crocodile2
"Crown City Rockers"	http://www.crowncityrockers.com
"John Cruz"	http://www.sonicbids.com/JohnCruz
"Crystal Antlers"	http://www.myspace.com/crystalantlers
"The Crystal Method"	http://www.thecrystalmethod.com
"Alex Cuba"	http://www.alexcuba.com
"Cubismo Grafico Five"	http://www.cbsmgrfc.net/
"Austin Cunningham"	http://www.sonicbids.com/AustinCunningham
Cursive	http://www.cursivearmy.com
"Cut Off Your Hands"	http://www.myspace.com/cutoffyourhands
"Daddy a Go-Go"	http://www.daddyagogo.com
DADDY	http://www.myspace.com/daddytheband
"Floyd Dakil Combo"	http://www.ponderosastomp.com
"David Dallas"	http://www.daviddallas.co.nz
"Micah Dalton"	http://www.sonicbids.com/MicahDalton
Damero	http://www.damero.de
Dananananaykroyd	http://www.dananananaykroyd.co.uk
"Dan Le Sac Vs Scroobius Pip"	http://strangefamousrecords.com
"Danny And The Champions Of The World"	http://www.thechampionsoftheworld.org/
"Dappled Cities"	http://www.sonicbids.com/DappledCitiesFly
"Dark Captain Light Captain"	http://www.darkcaptain.com
"Darker Florida"	http://www.begoniasociety.org/darkerflorida.php
"Darshana & Sowmya"	http://sites.google.com/site/darshanasowmya/
"Dash Rip Rock"	http://www.sonicbids.com/dashriprock
"Guy Davis"	http://www.guydavis.com
"DAVY JONES' LOCKER"	http://www.myspace.com/davyjoneslocker
Dawes	http://www.myspace.com/dawestheband
"Dead Luke"	http://www.myspace.com/bornunderadick
deadmau5	http://www.deadmau5.com
"Dead Sexy Inc"	http://www.sonicbids.com/DeadSexyInc
"The Dead Trees"	http://www.myspace.com/thedeadtrees
"Dear and the Headlights"	http://www.sonicbids.com/dearandtheheadlights
"The Death Set"	http://www.myspace.com/thedeathset
Debayres	http://www.sonicbids.com/DEBAYRES
"The DeBretts"	http://www.sonicbids.com/TheDeBretts2
"The Deep Dark Woods"	http://www.sonicbids.com/TheDeepDarkWoods
"Deer Tick"	http://deertickmusic.com
Deichkind	http://www.deichkind.de
Delco	http://www.delco.es
DeLeon	http://www.ilovedeleon.com/
"Delhi 2 Dublin"	http://www.sonicbids.com/Delhi2Dublin
"De los Muertos"	http://www.myspace.com/delosmuertos01
"Delta Spirit"	http://www.deltaspirit.net
"Brigitte DeMeyer"	http://www.brigittedemeyer.com
"Descartes A Kant"	http://www.myspace.com/descartesakant
"The Details"	http://www.sonicbids.com/TheDetails
"The Devil Wears Prada"	http://www.myspace.com/tdwp
"Kevin Devine & the Goddamn Band"	http://www.kevindevine.net
"Alela Diane"	http://aleladiane.com
"Andreia Dias"	http://www.sonicbids.com/AndreiaDias
"Madi Diaz"	http://www.myspace.com/madidiaz
"Tina Dico"	http://www.tinadico.com
Dignan	http://www.sonicbids.com/Dignan
"Dikes of Holland"	http://myspace.com/dikesofholland
"Diplomats of Solid Sound"	http://www.sonicbids.com/DiplomatsofSolidSound
Dirtblonde	http://www.dirtblonde.co.uk
"The Dirt Drifters"	http://www.thedirtdrifters.com
"Dirty Old Men"	http://dirtyoldmen.jp
Disappears	http://disappearsdisappears.blogspot.com/
"Diva Gash"	http://www.divagash.com
"Dixie Witch"	http://www.dixiewitch.net
"DJ Ipek"	http://www.djipek.com
"DJ Jester the Filipino Fist"	http://www.myspace.com/filipinofist
Dlugokecki	http://www.myspace.com/dlugokecki
"DM Stith"	http://dmstith.com
D.O.	http://www.sonicbids.com/DO
"B. Dolan"	http://www.strangefamousrecords.com
Dommin	http://dommin.com
"The Donkeys"	http://www.myspace.com/thedonkeys
Doomtree	http://doomtree.net
Dorp	http://www.dorp.co.uk
"Luke Doucet"	http://www.lukedoucet.com
"The Downbeat 5"	http://www.sonicbids.com/TheDownbeat5
"Lila Downs"	http://www.liladowns.com
"The Drams"	http://www.thedrams.com
Dredg	http://Dredg.com
"Drink Up Buttercup"	http://www.sonicbids.com/DrinkUpButtercup2
"The Drones"	http://www.thedrones.com.au/
Ducktails	http://myspace.com/ducktailss
"The Duhks"	http://www.duhks.com
Earthless	http://www.myspace.com/earthless
"Tim Easton"	http://www.timeaston.com
"Easy Star All-Stars"	http://www.easystar.com
"Eat Skull"	http://www.myspace.com/eatskull
"Ecstatic Sunshine"	http://www.ecstaticsunshine.com
"8ball and mjg"	http://myspace.com/dafatmack
"Elastic Band"	http://www.myspace.com/elasticparty
"The Electric City"	http://www.myspace.com/electriccitymusic
"The Electric Diorama"	http://www.sonicbids.com/TheElectricDiorama
"Electricity In Our Homes"	http://www.myspace.com/electricityinourhomes
"Electric Touch"	http://www.sonicbids.com/ElectricTouch
"Elemeno P"	http://www.elemenop.com
"Carrie Elkin"	http://www.sonicbids.com/CarrieElkin
Ella	http://www.sonicbids.com/ELLA2
"Elliot Brood"	http://www.elliottbrood.ca
"The Elms"	http://www.sonicbids.com/theelms
"El Tule"	http://www.sonicbids.com/ElTule
"The Elysian Quartet"	http://www.myspace.com/theelysianquartet
"Emma Lee"	http://www.sonicbids.com/EmmaLee
"Empire Isis"	http://www.sonicbids.com/EmpireISIS
"The Enright House"	http://www.sonicbids.com/theenrighthouse
"Enter Shikari"	http://www.entershikari.com
"Eol Trio"	http://www.myspace.com/eoltrio
"The Escape Frame"	http://www.myspace.com/theescapeframe
"Ali Eskandarian"	http://www.myspace.com/alieskandarian
"Eskimo Joe"	http://www.eskimojoe.net
Esser	http://www.esserhq.com
"The Ettes"	http://www.theettes.com
Evaline	http://www.myspace.com/evaline
"The Evaporators"	http://www.theevaporators.com
"The Everyday Visuals"	http://www.theeverydayvisuals.com/
"Evil Bebos"	http://www.evilbebos.com
"Evil Nine Live"	http://www.myspace.com/evilnine
"Tim Exile"	http://timexile.com
"Explosions in the Sky"	http://www.explosionsinthesky.com
Factums	http://www.myspace.com/factums
"Mickey Factz"	http://www.myspace.com/itzmickey
"John Fairhurst"	http://www.myspace.com/johnfairhurst
"Fake Problems"	http://www.fakeproblems.com
Fanfarlo	http://www.fanfarlo.com
"The Fashion"	http://www.thefashion.dk
Fastball	http://www.myspace.com/fastballtheband
"Felix Cartal"	http://www.myspace.com/felixcartal
FemBots	http://www.fembots.net
"Douglas Ferguson"	http://www.douglasferguson.us
"Ferraby Lionheart"	http://www.ferrabylionheart.com
"Benjy Ferree"	http://www.benjyferree.com
"Melissa Ferrick"	http://www.melissaferrick.com
"Fight Bite"	http://www.myspace.com/ilyushindove
"Fighting With Wire"	http://www.sonicbids.com/FightingWithWireIRL
"Fight Like Apes"	http://www.fightlikeapesmusic.com
fiN	http://www.myspace.com/finuk
"Final Flash"	http://www.myspace.com/finalflash
"Tim Finn"	http://www.myspace.com/timfinnmusic
"Rodney Fisher"	http://www.myspace.com/rodneyfisher
"Five Times August"	http://www.fivetimesaugust.com
"Floating Action"	http://www.myspace.com/sethkauffman
"Flood Of Red"	http://www.myspace.com/floodofred
"Paul E Flynn"	http://www.myspace.com/pauleflynn
"FNU Ronnies"	http://www.myspace.com/fnuronnies
"Fol Chen"	http://www.myspace.com/folchen
"David Fonseca"	http://www.davidfonseca.com
"Foreign Born"	http://www.foreignbornmusic.com
"Foreign Legion"	http://www.sonicbids.com/ProzackTurner2
"Jen Foster"	http://www.sonicbids.com/JenFoster
"Ruthie Foster"	http://www.ruthiefoster.com
FOUND	http://found.surfacepressure.net
"Fox Cubs"	http://www.myspace.com/foxcubs
"Francis and The Lights"	http://www.francisandthelights.com
"Eugene Francis Jnr & The Juniors"	http://www.sonicbids.com/eugenefrancisjnr
"Karima Francis"	http://www.karimafrancis.com
"Robert Francis"	http://billsilva.net
"Sage Francis"	http://www.strangefamousrecords.com
"Adam Franklin"	http://www.adamfranklin.com
"Kam Franklin"	http://myspace.com/bamitskam
"Ron Franklin"	http://myspace.com/ronfranklinentertainers
Freeland	http://www.adamfreeland.net
"French Horn Rebellion"	http://www.sonicbids.com/FrenchHornRebellionFHR
"Jessie Frye"	http://www.myspace.com/jessiefrye
Fuckshovel	http://myspace.com/fuckshovel
"The Fumes"	http://www.myspace.com/thefumesoz
Fun	http://www.ournameisfun.com
"Futomomo Satisfaction"	http://futomomo.nomaki.jp
"Future Of The Left"	http://www.futureoftheleft.com
"Future Virgins"	http://www.starcleaner.com
"Dmitry Fyodorov"	http://www.dmitryfyodorov.com/
GAGAKIRISE	http://ggkrz.web.fc2.com/
"The Gala Band"	http://www.thegalaband.com
"Benny Gallagher"	http://www.sonicbids.com/bennygallagher
"Gang Gang Dance"	http://www.myspace.com/ganggangdance
"Gary War"	http://www.myspace.com/garywarfunzone
Gaybomb	http://www.myspace.com/noiseconcrete
Geeks	http://geeks.co.jp
"General Fiasco"	http://www.myspace.com/generalfiasco
Genia	http://www.genia-music.com
"Gentleman Reg"	http://www.gentlemanreg.com
"Gerald G."	http://myspace.com/geraldgmr512
"J. Matthew Gerken"	http://www.43presidencies.com
"Get Cape Wear Cape Fly"	http://www.sonicbids.com/GetCapeWearCapeFly2
"The Ghost"	http://www.sonicbids.com/TheGhostEPK
"The Ghost Frequency"	http://www.myspace.com/theghostfrequency
"Laura Gibson"	http://myspace.com/lauragibson
"Colin Gilmore"	http://www.sonicbids.com/ColinGilmore
"Pepi Ginsberg"	http://www.sonicbids.com/Pepi
"Monica Giraldo"	http://www.monicagiraldo.com
"The Girls"	http://www.myspace.com/thegirlsseattle
Glambilly	http://myspace.com/hansfrank
"Gloria Cycles"	http://www.sonicbids.com/GloriaCycles
Glossary	http://glossary.us
"Goes Cube"	http://www.sonicbids.com/GoesCube
"Steve Goldberg and the Arch Enemies"	http://stevegoldbergmusic.com
"The Golden Arm Trio Does DUKE!"	http://www.goldenarmtrio.net
"Golden Boots"	http://www.myspace.com/goldenboots
"Golden Boys"	http://www.myspace.com/thegoldenboys
"The Golden Dogs"	http://www.myspace.com/thegoldendogs
"The Golden Filter"	http://www.thegoldenfilter.com
"Golden Hornet Project"	http://goldenhornet.org
GoldieLocks	http://www.myspace.com/goldielocksmusic
Golem	http://www.golemrocks.com
"Robert Gomez"	http://robertgomezmusic.com
"Lesser Gonzalez Alvarez"	http://www.myspace.com/lessergonzalezalvarez
"Good Old War"	http://www.myspace.com/goodoldwar
Goot	http://myspace.com/goot
Gorevette	http://www.myspace.com/gorevette
"John Gorka"	http://www.johngorka.com
"Johnny Goudie and The Little Champions"	http://www.johnnygoudie.com/
"The Gougers"	http://www.sonicbids.com/gougers
"Kara Grainger"	http://www.sonicbids.com/KaraGrainger2
"Sebastien Grainger"	http://www.sonicbids.com/SebastienGrainger
"Grampall Jookabox"	http://myspace.com/grampalljookabox
"Grand Analog"	http://www.sonicbids.com/GrandAnalog
"Grand Archives"	http://www.subpop.com/artists/grand_archives
Grande	http://www.sonicbids.com/Grande
"Jenn Grant"	http://www.jenngrant.com/
Grapevine	http://www.grapevineonline.jp
"The Grates"	http://www.thegrates.com
"Great Lakes Myth Society"	http://greatlakesmythsociety.com
"Great Northern"	http://www.greatnorthernmusic.com
"Liz Green"	http://www.myspace.com/lizgreenmusic
"Green River Ordinance"	http://www.greenriverordinance.com
"Grizzly Bear"	http://www.grizzly-bear.net
"Grouch & Eligh"	http://www.legendarymusic.net
"The Guggenheim Grotto"	http://www.guggenheimgrotto.com/
Guillamino	http://www.myspace.com/guillaminoo
Gunslingers	http://www.myspace.com/gunslingerspace
Hacienda	http://www.haciendaonline.net
"Ha Ha Tonka"	http://www.hahatonkamusic.com
"The Hall Monitors"	http://myspace.com/hallmonitors
"Hamell On Trial"	http://www.hamellontrial.com
"Charles Hamilton"	http://charleshamilton.blogspot.com/
"Murry Hammond"	http://rajiworld.com/artists/murry.php
"The Handsome Family"	http://www.handsomefamily.com
"Handsome Furs"	http://www.subpop.com/artists/handsome_furs
Hangmas	http://www.hangmas.hu
"Hank IV"	http://www.myspace.com/thehankfour
"The Happy Hollows"	http://myspace.com/thehappyhollows
"Ed Harcourt"	http://www.edharcourt.com
"Harlem Shakes"	http://www.myspace.com/harlemshakes
"Ben Harper"	http://www.myspace.com/benharper
Relentless7	http://www.myspace.com/relentlessseven
"James Harries"	http://www.sonicbids.com/JamesHarries2
"Kylie Harris"	http://www.sonicbids.com/KylieHarris
"Grant Hart"	http://www.granthart.com
"Austin Hartley-Leonard"	http://www.sonicbids.com/austinhl
"Hatcham Social"	http://www.myspace.com/hatchamsocial
"Sara Haze"	http://www.sonicbids.com/SaraHaze3
"The Hazey Janes"	http://www.thehazeyjanes.co.uk
"Head Automatica"	http://headautomatica.com
"Roy Head"	http://www.ponderosastomp.com
HEALTH	http://www.healthnoise.com
"Healthy Minds Collapse"	http://myspace.com/healthymindscollapse
"The Heavenly States"	http://www.theheavenlystates.com/
"The Heavy"	http://www.theheavy.co.uk/
"Heels Catch Fire"	http://www.sonicbids.com/HeelsCatchFire
"He Is Legend"	http://www.myspace.com/heislegend
"Adam Heldring"	http://www.sonicbids.com/ADAMHELDRING
"Hello Seahorse!"	http://www.helloseahorse.com
"Heloise and the Savoir Faire"	http://heloisemusic.com
"Here Holy Spain"	http://www.hereholyspain.com
"Herman Dune"	http://www.hermandune.com
"Hermano L backed by Ranking Soldiers"	http://www.myspace.com/elhermanoele
"Hesta Prynn in Civil Shepherd"	http://www.myspace.com/hestaprynn
Heybale	http://www.myspace.com/heybaletheband
"Hey Negrita"	http://www.myspace.com/heynegrita
Hickoids	http://www.hickoids.com
"The Higher State"	http://www.myspace.com/thehigherstategaragepsych
"The High Strung"	http://www.thehighstrung.com
"Matt Hires"	http://www.myspace.com/matthires
Hockey	http://www.myspace.com/hockey
"Hold Fire"	http://www.myspace.com/weareholdfire
Holger	http://www.myspace.com/myholger
"Holy Hail"	http://www.holyhail.com
"The Homosexuals"	http://www.astralglamour.com/
HoneyHoney	http://www.honeyhoneymusic.com
"Honey Ryder"	http://www.honeyryder.co.uk
"HONEY SAC"	http://www.honeysac.jp
"The Hooks"	http://TheHooksMusic.com
Hopewell	http://hopewell.tv
"Horse Feathers"	http://www.myspace.com/horsefeathersmusic
"Hot Club of Cowtown"	http://www.hotclubofcowtown.com
"Hot Kicks"	http://www.sonicbids.com/HotKicks
"Hot Panda"	http://www.hotpanda.ca
"The Hours"	http://www.thehours.co.uk
HOWL	http://www.myspace.com/howlheavymetal
"Jedd Hughes"	http://www.jeddhughes.com
"Human Highway"	http://www.myspace.com/humanhighway
Hymns	http://www.hymnsband.com
Hyperpotamus	http://www.sonicbids.com/Hyperpotamus
"I Am David Sparkle"	http://www.myspace.com/iamdavidsparkle
"Iglu & Hartly"	http://www.igluandhartly.com
"Igudesman & Joo"	http://www.sonicbids.com/igudesmanandjoo
"I Love You But I've Chosen Darkness"	http://www.chosendarkness.com/
"Immaculate Machine"	http://www.immaculatemachine.com
Infusion	http://www.infusion.net.au
"Innercity Pirates"	http://www.myspace.com/innercitypirates
Insite	http://www.myspace.com/insite
"Intuitive Music Orchestra"	http://www.sonicbids.com/Intuitivemusicorchestra
Invincible	http://www.sonicbids.com/Invincible
"Inward Eye"	http://www.sonicbids.com/InwardEye
"IO Echo"	http://www.io-echo.com
"Ipso Facto"	http://www.myspace.com/ipsofactomyspace
Ironweed	http://www.sonicbids.com/Ironweed
"Jason Isbell and the 400 Unit"	http://www.jasonisbell.com
"Joseph Israel"	http://www.josephisrael.com
"It's Not Not"	http://www.myspace.com/itsnotnot
"It Hugs Back"	http://www.ithugsback.co.uk/
"Jaakko & Jay"	http://www.myspace.com/jaakkonjay
"Sarah Jaffe"	http://www.sonicbids.com/SarahJaffe
"Nate James"	http://www.myspace.com/thenatejames
"The Japanese Motors"	http://www.myspace.com/thejapanesemotors
Japanther	http://www.japanther.com
"Jason Reeves"	http://www.myspace.com/jasonreeves
Javelins	http://www.javsjavsjavs.com
"Jay Jay Pistolet"	http://www.myspace.com/jayjaypistolet
"Jay Nash"	http://www.myspace.com/jaynash
"JC & Co."	http://www.myspace.com/jasonchronismusic
J*DaVeY	http://www.jdaveybaby.com
"Ben Jelen"	http://www.benjelen.com
"Jeremy Jay"	http://www.krecs.com
Jerusalem	http://www.myspace.com/jerusalemtx
Jewdyssee	http://www.jewdyssee.com
"Johnny Foreigner"	http://www.myspace.com/johnnyforeigner
"Duquette Johnston"	http://www.sonicbids.com/duquettejohnstonandtherebelkings
"Cotton Jones"	http://www.myspace.com/thecottonjonesbasketride
"Denis Jones"	http://www.myspace.com/denisjones
"The Joy Formidable"	http://www.myspace.com/thejoyformidable
"The Joys"	http://www.sonicbids.com/thejoys
"The Juan Maclean"	http://www.thejuanmaclean.com
"Jump Back Jake"	http://www.sonicbids.com/JumpBackJake
"Junk Science"	http://www.myspace.com/junksciencerap
"Justin Townes Earle"	http://www.myspace.com/justintownesearle
Jypsi	http://www.jypsi.net
Kaka	http://www.myspace.com/kakaricky
Kakkmaddafakka	http://www.myspace.com/kakkmaddafakka
"Kamikaze Queens"	http://www.sonicbids.com/KamikazeQueens
"Kap Bambino"	http://www.myspace.com/kapbambino
"Al Kapone"	http://myspace.com/alkaponememphis
Kaskade	http://kaskademusic.com
"Katie Stelmanis"	http://www.stelmanis.com
"Jon Kennedy Live"	http://www.jonkennedy.co.uk
"Doug Kershaw"	http://dougkershaw.com
"Keys N Krates"	http://www.keysnkrates.blogspot.com
"Khan Of Finland"	http://www.khanoffinland.com
"Christian Kiefer"	http://www.43presidencies.com
Killola	http://www.myspace.com/killola
"Kingman and Jonah"	http://www.sunkingrecords.com
"Maurice Kirya"	http://www.myspace.com/mauricekirya
"Vijay Kishore"	http://www.vijaykishore.co.uk
"Kissy Sell Out"	http://www.myspace.com/kissysellout
"Kittens Ablaze"	http://www.sonicbids.com/kittensablaze
"Kraak & Smaak"	http://www.kraaksmaak.com/
"The Krayolas"	http://www.thekrayolas.com
Kreisor	http://www.myspace.com/kreisor
Kuadrumana	http://www.sonicbids.com/KUADRUMANA
Kuroma	http://www.kuromamusic.com
"La Carrau"	http://www.lacarrau.com/
"Lady Dottie and the Diamonds"	http://www.sonicbids.com/LadyDottieandtheDiamonds
LAKE	http://www.krecs.com
"Jen Lane"	http://www.sonicbids.com/jenlane
"Jon Langford And The Pine Valley Cosmonauts"	http://www.bloodshotrecords.com/artist/jon-langford
"La Pupuna"	http://www.sonicbids.com/lapupuna
"La Snacks"	http://www.myspace.com/lasnacks
"Greg Laswell"	http://www.greglaswell.com/
"The Latebirds"	http://www.sonicbids.com/TheLatebirds3
"Laundry Room Squelchers"	http://www.squelchers.com
"Alessi Laurent-Marke"	http://www.myspace.com/alessimusic
Layabouts	http://www.sonicbids.com/LAYABOUTS
Lazywall	http://www.lazywall.com
"Vander Lee"	http://www.vanderlee.com.br
"Legendary Tiger Man"	http://www.legendarytigerman.com
"Le Le"	http://www.myspace.com/lelemusique
"Josiah Leming"	http://www.myspace.com/josiahleming
"Le Nombre"	http://www.lenombre.ca
"Les Breastfeeders"	http://www.lesbreastfeeders.ca
"Les Fauves"	http://www.sonicbids.com/LesFauves2
"Les Handclaps"	http://www.sonicbids.com/leshandclaps
"Let's Wrestle"	http://www.myspace.com/letsfuckingwrestle
"Sylvie Lewis"	http://www.sylvielewis.com
"The Life And Times"	http://thelifeandtimes.com
"Light FM"	http://www.myspace.com/lightfm
Lights	http://www.iamlights.com
"Like A Bird"	http://www.myspace.com/likeabyrd
"Tita Lima"	http://www.titalima.com
"Eric Lindell"	http://ericlindellband.com
"Lions In The Street"	http://www.lionsinthestreet.com
Lissie	http://www.myspace.com/lissiemusic
Littl'ans	http://littlans.co.uk
"Little Miss Higgins"	http://www.sonicbids.com/LittleMissHiggins
"The Little Ones"	http://myspace.com/wearethelittleones
"Loch Lomond"	http://www.lochlomondmusic.com
LoCura!	http://www.sonicbids.com/LoCura2
LoneLady	http://myspace.com/hiholonelady
Longview	http://www.longviewmusic.com
Longwave	http://longwavetheband.com
"The Long Winters"	http://www.thelongwinters.com/
"Lord T and Eloise"	http://www.lordtandeloise.com
"Los Bad Apples"	http://www.losbadapples.com
"Los Claxons"	http://www.myspace.com/claxons
"Los Fancy Free"	http://www.siliconcarne.com.mx
"Los Llamarada"	http://www.myspace.com/losllamarada
"Los Pirata"	http://www.lospirata.com
"los super elegantes"	http://lossuperelegantes.com
"Lost Bayou Ramblers"	http://www.sonicbids.com/LostBayouRamblers
"The Lost Brothers"	http://www.myspace.com/thelostbrothersmusic
"Los Utrera"	http://losutrera.blogspot.com
Loudmouf	http://WWW.MYSPACE.COM/LOUDMOUF23
Love:Fi	http://www.myspace.com/lovefi
"The Love Language"	http://www.myspace.com/thelovelanguage
"The Love Me Nots"	http://www.sonicbids.com/TheLoveMeNots
"The Lovetones"	http://www.lovetones.com
Lovvers	http://www.lovvers.co.uk
"The Low Anthem"	http://www.sonicbids.com/LowAnthem
"Lucas Santtana"	http://www.diginois.com.br
"Lucky Fonz III"	http://www.luckyfonziii.com
"Jessica Lurie"	http://www.sonicbids.com/JessicaLurie
"Terry Lynn"	http://www.sonicbids.com/TerryLynn4
"Macaco Bong"	http://www.myspace.com/macacobong
"Erika Machado"	http://www.erikamachado.com.br
"Polly Mackey"	http://www.sonicbids.com/PollyMackey
"Mad Juana"	http://www.myspace.com/madjuana
"The Mae Shi"	http://www.mae-shi.com/
"Magic Christian"	http://magicchristian.net
"Magic Lantern"	http://myspace.com/magiclanternmako
"MAGIC WANDS"	http://www.myspace.com/themagicwands
"Magno aka Magnificent"	http://www.wildliferecords.com
Mahjongg	http://www.arc6ery.com
"Pouya Mahmoodi"	http://www.sonicbids.com/PouyaMahmoodi
"The Maids Of Honor"	http://www.myspace.com/themaidsofhonor
"Willem Maker"	http://www.sonicbids.com/willemmaker
Malajube	http://www.malajube.com
"Ben Mallott"	http://myspace.com/benmallott
"Raul Malo"	http://www.raulmalo.com
Manana	http://www.sonicbids.com/manana
"Maneja Beto"	http://www.manejabeto.com
ManooghiHi	http://www.myspace.com/manooghihi
"Ida Maria"	http://www.myspace.com/idamaria
"Anya Marina"	http://myspace.com/anyamarina
"Carolyn Mark"	http://www.carolynmark.com
Marli	http://www.myspace.com/marlibuck
"Laura Marling"	http://www.lauramarling.com
"David Martell"	http://www.iamdavidmartel.com/
Maserati	http://www.sonicbids.com/maserati2
"Lorrie Matheson"	http://www.sonicbids.com/LorrieMatheson
"John Matthias & Nick Ryan"	http://www.nonclassical.co.uk
"Angie Mattson"	http://www.myspace.com/angiemattson
"Max Tundra"	http://www.maxtundra.com/
"Dent May & His Magnificent Ukulele"	http://www.dentmay.com
"The May Fire"	http://www.sonicbids.com/themayfire
Mayyors	http://www.mtstmtn.com/
"Erin McCarley"	http://www.erinmccarley.com
"Melissa McClelland"	http://www.melissamclelland.com
"Joe McDermott"	http://www.sonicbids.com/JoeMcDermottmusic
"Ian McLagan & the Bump Band"	http://www.ianmclagan.com
"Shawn David McMillen"	http://www.tompkinssquare.com
"Kiernan McMullan"	http://www.kiernanmcmullan.com
"Medi And The Medicine Show"	http://www.mediandthemedicineshow.com
"The Medic Droid"	http://www.sonicbids.com/TheMedicDroid
Meese	http://meesemusic.com
"Mekaal Hasan Band"	http://www.mekaalhasanband.com
"Meliss FX"	http://www.sonicbids.com/MelissFX
"Pedro Menendez JazzTango Ensemble"	http://www.myspace.com/pedromenendezjazztangoensamble
Metronomy	http://www.metronomy.co.uk
"Mi Ami"	http://www.myspace.com/miamiamiami
Micachu	http://www.myspace.com/micayomusic
Michna	http://www.myspace.com/eggfooyoung
"Midnight Peacocks"	http://www.sonicbids.com/MidnightPeacocks
"Midnight Youth"	http://www.sonicbids.com/MidnightYouth
"The Mighty Stef"	http://www.myspace.com/themightystefband
"Mika Miko"	http://www.myspace.com/mikamiko
Milow	http://www.milow.be
"Miniature Tigers"	http://www.sonicbids.com/MiniatureTigers
"Gabriel Minnikin"	http://www.sonicbids.com/GabrielMinnikin
"Miracle Fortress"	http://www.secretcityrecords.com/miracle.html
Mirah	http://www.krecs.com
Mirrorkicks	http://www.mirrorkicks.com/
"The Miserable Rich"	http://www.myspace.com/themiserablerich
Mishka	http://www.mishka.com
"Mixtapes & Cellmates"	http://www.myspace.com/mixtapesandcellmates
"The Moaners"	http://themoaners.com
Modex	http://www.planetamodex.com.ar
Mojoe	http://mojoefamily.com
Mom	http://westernvinyl.com/mom.html
Monareta	http://www.sonicbids.com/MONARETA
Moneen	http://www.moneen.com
Monokino	http://www.monokino.com
Monotonix	http://www.monotonix.com
"Monte Negro"	http://www.montenegrorocks.com
"The Moog"	http://www.myspace.com/moogband
"Moonlight Towers"	http://www.moonlighttowers.com
"Colin Moore"	http://www.myspace.com/colinsacoustic
"Daniel Martin Moore"	http://www.danielmartinmoore.com
"Tony Moore"	http://www.tonymooremusic.com
"Tanya Morgan"	http://tanyamorgan.com
Moriarty	http://www.sonicbids.com/MORIARTYontheroad
"Motel Motel"	http://www.sonicbids.com/motelmotel
"Mother Mother"	http://www.sonicbids.com/mothermother
Moth!Fight!	http://www.sonicbids.com/mothfight0
"Mr Lif"	http://www.myspace.com/mrlif
"Mt. St. Helens Vietnam Band"	http://www.myspace.com/mtsthelensvietnamband
"Muck and the Mires"	http://www.sonicbids.com/MuckandtheMires
"Krista Muir"	http://www.myspace.com/kristallmuir
"Mumford & Sons"	http://www.myspace.com/mumfordandsons
"Mundo Livre Sa"	http://www.mundolivresa.com
"Colin Munroe"	http://www.myspace.com/colinmunroe
Murder	http://www.myspace.com/murderdk
"Ramiro Musotto"	http://www.ramiromusotto.com
"My Disco"	http://www.mydisco.com.au
"My Education"	http://www.myspace.com/myeducation
"My Federation"	http://www.sonicbids.com/MyFederation
"Myka 9"	http://www.myspace.com/mykanyne
"My Sad Captains"	http://www.myspace/mysadcaptains
"Mythical Beast"	http://myspace.com/mythicalbeast
"Nacho Vegas"	http://www.limbostarr.com/nachovegas.html
Nacional	http://www.myspace.com/wearenacional
"Naked On the Vague"	http://www.myspace.com/nakedonthevague
Nancy	http://nancyonline.org
"Terra Naomi"	http://www.terranaomi.com
"Nashville Pussy"	http://www.nashvillepussy.com
"Natalie Portman's Shaved Head"	http://www.sonicbids.com/NataliePortmansShavedHead
Navel	http://www.sonicbids.com/Navel
NeckBone	http://www.myspace.com/neckbone512
"Paula Nelson Band"	http://www.sonicbids.com/PaulaNelsonBand
Nevertheless	http://neverthelessmusic.com
"NID & SANCY"	http://www.nidandsancy.com
"Night Horse"	http://www.myspace.com/nighthorsemusic
NLF3	http://www.myspace.com/nlf3
"No Kids"	http://www.myspace.com/nokidsband
NOMO	http://www.nomomusic.com
Notekillers	http://www.myspace.com/notekillers
Novalima	http://www.novalima.net
"Justin Nozuka"	http://www.justinnozuka.com
Obits	http://www.subpop.com/artists/obits
Ocelot	http://www.myspace.com/ocelotmthrfckrs
"The Officers"	http://www.myspace.com/theofficers
Ohbijou	http://www.ohbijou.com
"Oh Land"	http://www.sonicbids.com/OhLand
"Oh Sees"	http://www.myspace.com/ohsees
"Oh Susanna"	http://www.ohsusanna.com
Ohtis	http://www.ohtis.com
"ok city ok"	http://www.okcityok.com
Okou	http://www.sonicbids.com/Okou
"Valeria Oliveira"	http://valeriaoliveira.mus.br
"Fionn O Lochlainn"	http://fionnolochliann.com
"Olympus Mons"	http://www.sonicbids.com/OlympusMons3
"1001 Nights Orchestra"	http://www.sonicbids.com/1001NightsOrchestra
Operahouse	http://www.operahousehq.com
"The Orchid Highway"	http://www.sonicbids.com/TheOrchidHighway
Orphan	http://www.sonicbids.com/orphan
"orquesta tipica fernandez fierro"	http://www.fernandezfierro.com
"The O's"	http://www.myspace.com/wearetheos
"Other Lives"	http://www.myspace.com/otherlives
Outasight	http://www.myspace.com/iamoutasight
"Out From Animals"	http://www.sonicbids.com/OUTFROMANIMALS
"Craig Owens"	http://iamcraigowens.com
"The Pack A.D."	http://www.thepackafterdeath.com
"Chase Pagan"	http://www.myspace.com/chasepagan
"Doug Paisley"	http://myspace.com/dougpaisley
"Ruth Palmer"	http://www.ruthpalmer.com
"Paolo ""Apollo"" Negri"	http://www.myspace.com/hammondfunk
"Paper Lions"	http://www.sonicbids.com/PaperLions
Papertrigger	http://www.sonicbids.com/PAPERTRIGGER
"The Paranoid Critical Revolution"	http://theparanoidcriticalrevolution.com
"Parenthetical Girls"	http://www.slendermeanssociety.com/parenthetical
"The Parlotones"	http://www.sonicbids.com/TheParlotones
"The Parties"	http://www.myspace.com
"Passion Pit"	http://www.myspace.com/passionpitjams
"Past Lives"	http://www.myspace.com/pastlivesmusic
"paté de fuá"	http://www.patedefua.com
"Patrick Park"	http://patrickpark.net
"Patty Hurst Shifter"	http://www.PattyHurstShifter.com
"Jared Paul"	http://www.strangefamousrecords.com
"Howard Eliott Payne"	http://www.myspace.com/howardeliottpayne
"Pearl and the Puppets"	http://profile.myspace.com/index.cfm?fuseaction=user.viewprofile&friendID=55996867
PEDESTRIAN	http://pedestrianmusic.org
"The Peekers"	http://www.myspace.com/thepeekers
Peelander-Z	http://www.peelander-z.com
"The Pepper Pots"	http://www.thepepperpots.com
"Elvis Perkins In Dearland"	http://www.elvisperkinsindearland.com
"Mandi Perkins"	http://www.mandiperkins.com
"The Perpetrators"	http://www.sonicbids.com/Perpetrators
"Pete Philly & Perquisite"	http://www.petephillyandperquisite.com
"Peter Bjorn and John"	http://www.peterbjornandjohn.com/
"Peter's Songs"	http://www.myspace.com/pedromenendezsongs
"Pictures And Sound"	http://www.picturesandsound.com
"Pierre de Reeder"	http://pierredereeder.com
"Pink Mountaintops"	http://www.blackmountainarmy.com
"The Pink Noise"	http://www.myspace.com/thepinknoise2
"The Pink Spiders"	http://www.thepinkspiders.com
"Pin Me Down"	http://www.sonicbids.com/PinMeDown
"Jefferson Pitcher"	http://www.43presidencies.com
"The Plastic Wave"	http://www.myspace.com/theplasticwave
"+/- {Plus/Minus}"	http://plusmin.us
Pocahaunted	http://www.myspace.com/pocahaunted
"Poet In Process"	http://www.sonicbids.com/PoetInProcess
"Po' Girl"	http://www.sonicbids.com/PoGirl
"Poison Arrows"	http://www.myspace.com/poisonarrows77
"Leon Polar"	http://www.leon-polar.com
"Polka Madre"	http://www.polkamadre.com
Pompeii	http://www.pompeiimusic.com
Pong	http://www.sonicbids.com/Pong
"Pop Levi"	http://www.poplevi.com
"Popular Damage"	http://www.sonicbids.com/populardamage
"Port Amoral"	http://myspace.com/portamoral
porterdavis	http://www.sonicbids.com/porterdavis
"Port O'Brien"	http://www.portobrien.com
"The Postelles"	http://www.myspace.com/thepostelles
"Post War Years"	http://www.sonicbids.com/PostWarYears
"Powell St. John"	http://www.myspace.com/powellstjohn
PowerSolo	http://www.powersolo.dk
"The Pragmatic"	http://www.sonicbids.com/thepragmatic
"Precious Blood"	http://www.myspace.com/preciousbloodmusic
"Primal Scream"	http://www.primalscream.net
Princeton	http://www.princeton-band.com
"The Proclaimers"	http://www.proclaimers.co.uk
"Project Jenny, Project Jan"	http://www.sonicbids.com/PJPJ
"Gabriel Prokofiev"	http://www.myspace.com/gabrielprokofiev
Prolyphic	http://www.strangefamousrecords.com
"Matt Pryor"	http://www.myspace.com/mattpryorsongs
"Joe Pug"	http://www.sonicbids.com/joepugmusic
"Vince P"	http://www.sonicbids.com/VincePSpacePirateRecords
"Josh Pyke"	http://www.joshpyke.com
"Masha Qrella"	http://www.myspace.com/mashaqrella
Quaff	http://quaff.jp
"The Quarter After"	http://www.myspace.com/thequarterafter
"The Queers"	http://www.thequeersrock.com
Question	http://www.myspace.com/question
"Rabid Rabbit"	http://www.myspace.com/rabidrabbitlives
"Alicia Jo Rabins"	http://www.myspace.com/brooklynfiddler
"Radio Luxembourg"	http://www.myspace.com/radiolux
Rafter	http://www.myspace.com/rafterroberts
"Kristoffer Ragnstam"	http://www.ragnstam.com
"Ra Ra Riot"	http://www.rarariot.com
"Ratas del Vaticano"	http://www.myspace.com/ratasdelvaticano
"The Raveonettes"	http://www.theraveonettes.com
"The Reaction"	http://www.starcleaner.com
"Red Cortez"	http://www.theweatherundergroundband.com
Rediscover	http://rediscover.info
"Red Light Company"	http://redlightcompany.co.uk
"Red Red Meat"	http://www.subpop.com/artists/red_red_meat
"Red Riders"	http://www.redriders.net
"Eli Paperboy Reed & the True Loves"	http://www.myspace.com/elipaperboyreed
"Reef The Lost Cauze"	http://www.myspace.com/reefthelostcauze
"Reflection Eternal"	http://www.blacksmithnyc.com
"Republic of Loose"	http://www.sonicbids.com/RepublicOfLoose
"The Republic Tigers"	http://myspace.com/therepublictigers
"The Rescues"	http://www.myspace.com/therescues
"Reverend Peyton's Big Damn Band"	http://www.bigdamnband.com
"Brandon Rhyder"	http://www.brandonrhyder.com
"Mia Riddle"	http://www.miariddle.com
"Right Away, Great Captain!"	http://www.myspace.com/rightawaygreatcaptain
"Right Or Happy"	http://www.myspace.com/thereiversofficial
"Valerio Rinaldi"	http://www.valeriorinaldi.com.ar
"Ringo Deathstarr"	http://ringodeathstarr.com
"Riotous Brothers"	http://www.riotousbrothers.co.uk
"Rita Redshoes"	http://myspace.com/ritaredshoes
"Rival Schools"	http://www.myspace.com/rivalschoolsunitedbyfate
"River City Tanlines"	http://www.myspace.com/rivercitytanlines
"The River Phoenix"	http://www.myspace.com/theriverphoenixband
"The River Raid"	http://www.sonicbids.com/riverraid
Robedoor	http://notnotfun.com/robedoor.htm
"Rocco Deluca and the Burden"	http://www.roccodeluca.com
Rokhsan	http://www.wcsrecords.com/rokhsan
RokkaTone	http://www.rokkatone.com
"Roll The Tanks"	http://www.rollthetanks.com
"Rolo Tomassi"	http://www.myspace.com/rolotomassi
"Eileen Rose"	http://www.sonicbids.com/EileenRose
"Rosie And The Goldbug"	http://www.rosieandthegoldbug.com
"Anni Rossi"	http://www.myspace.com/annirossi
"Ross Royce"	http://www.sonicbids.com/RossRoyce
"Round Table Knights"	http://www.sonicbids.com/RoundTableKnights
"Royal Bangs"	http://www.royalbangs.com
"Ruby Coast"	http://www.myspace.com/rubycoast
"Ruido Rosa"	http://www.ruidorosa.com
"Russian Futurists"	http://www.russianfuturists.com
"Rye Rye"	http://www.myspace.com/tharealryerye
Sagapool	http://www.sonicbids.com/Sagapool
Sakin	http://sakinweb.com/index_eng.html
"Salt & Samovar"	http://www.sonicbids.com/SaltSamovar2
SambaDa	http://www.sonicbids.com/sambada
"Samba de Rainha"	http://www.sambaderainha.com.br
"Sanguine Piss"	http://www.breathmint.net/sp.htm
"San Saba County"	http://sansabacounty.net
"Ximena Sariñara"	http://www.ximenamusic.com
"Satin Dolls"	http://satindolls.com.mx
Savia	http://www.sonicbids.com/SAVIA2
"Mathew Sawyer And The Ghosts"	http://www.myspace.com/theghostsmyspace
"Say Hi"	http://www.ilikesayhi.com
"Bryan Scary and The Shredding Tears"	http://www.bryanscary.com
"Danny Schmidt"	http://www.sonicbids.com/DannySchmidt
"Scissors for Lefty"	http://www.sonicbids.com/ScissorsForLefty
"Scorpion Child"	http://www.scorpionchild.com
"Scotland Yard Gospel Choir"	http://www.myspace.com/scotlandyardgospelchoir
"Scram C Baby"	http://www.scramcbaby.nl
"Screaming Tea Party"	http://www.myspace.co.uk/screamingteaparty
Scribe	http://www.scribescribe.com
"The Sea"	http://www.sonicbids.com/TheSeaSounds
Seabird	http://www.sonicbids.com/Seabird
Sealife	http://www.myspace.com/sealifemusic
"Kevin Seconds"	http://www.kevinseconds.com
"The Secret Life of Sofia"	http://www.myspace.com/thesecretlifeofsofia
"Selma Oxor"	http://www.myspace.com/selmaoxor
"Jay Semko"	http://www.sonicbids.com/jaysemko
"The Service Industry"	http://www.theserviceindustry.net
"Sgt Dunbar and the Hobo Banned"	http://www.sonicbids.com/SgtDunbar
"The Shackeltons"	http://www.theshackeltons.com
Shad	http://www.sonicbids.com/Shad3
"The Shaky Hands"	http://www.myspace.com/shakyhands
"Edward Sharpe and the Magnetic Zeros"	http://myspace.com/edwardsharpe
"The She Creatures"	http://www.myspace.com/theshecreatures
Shellshag	http://www.myspace.com/shellshag
"Samantha Shelton"	http://www.eagleear.com
"The Shitsez"	http://www.myspace.com/theshitsez
Sholi	http://www.sholimusic.com/
"Shelley Short"	http://www.shelleyshortmusic.com/
"Shout Out Out Out Out"	http://www.sonicbids.com/ShoutOutOutOutOut
"The Shys"	http://www.theshys.com
SICKBOY	http://www.myspace.com/sickboyofficial
"The S.I.G.I.T."	http://www.sonicbids.com/thesigit
"The Silos"	http://www.thesilos.net
"Kristoff Silva"	http://www.kristoffsilva.com.br
"Ana Silvera"	http://www.anasilvera.com
"Alina Simone"	http://www.alinasimone.com
SIMPLIFIRES	http://www.simplifires.com
Skavenjah	http://www.sonicbids.com/Skavenjah
Skibunny	http://www.myspace.com/skibunnyclub
"Sky Larkin"	http://www.wearskylarkin.net
"The Slants"	http://www.sonicbids.com/TheSlants
"Slaves to Gravity"	http://myspace.com/slavestogravityofficial
Sleep	http://www.strangefamousrecords.com
Sleepercar	http://www.sleepercarmusic.com
"The Sleepover Disaster"	http://www.thesleepoverdisaster.com
"Langhorne Slim"	http://www.sonicbids.com/LanghorneSlim2
"Sloth Scamper"	http://www.myspace.com/slothscamper
"Slough Feg"	http://sloughfeg.com
"Slow Club"	http://myspace.com/slowclub
"Amber Smith"	http://www.ambersmith.de
"Drew Smith's Lonely Choir"	http://www.sonicbids.com/DrewSmith
Smokekiller	http://www.sonicbids.com/smokekiller
"Snake & Jet's Amazing Bullit Band"	http://www.snakeandjet.dk
"Anthony Snape"	http://www.anthonysnape.com
Snoblind	http://www.snoblind.com
"The Soft Pack"	http://www.myspace.com/thesoftpack
Soko	http://www.myspace.com/mysoko
Solace	http://www.sonicbids.com/Solace8
"Solange and the Hadley Street Dreams"	http://www.solangemusic.com
"Solid Gold"	http://www.myspace.com/solidgoldband
S.O.M.B.A.	http://www.somba.com.br
"Someone Still Loves You Boris Yeltsin"	http://www.sslyby.com
Somi	http://www.somimusic.com
"The Sonics"	http://www.myspace.com/thesonicsboom
Sonpub	http://www.sonpub.com
"Sons of Albion"	http://www.myspace.com/sonsofalbionuk
"Rosalie Sorrels"	http://www.rosaliesorrels.com
sorry-ok-yes	http://www.myspace.com/sorryokyes
Soulico	http://www.myspace.com/soulicocrew
"Sounds Under Radio"	http://www.soundsunderradio.com
SpecialThanks	http://www.specialthanks777.com
"The Spinto Band"	http://www.spintoband.com
"Spiral Stairs"	http://www.billions.com
Sprengjuhollin	http://www.sonicbids.com/sprengjuhollin
"Stardeath and White Dwarfs"	http://www.myspace.com/stardeath
Starsailor	http://www.starsailor.com
"Stars of Track and Field"	http://starsoftrackandfield.com
"Steed Lord"	http://www/myspace.com/steedlord
"Jeffrey Steele"	http://www.jeffreysteele.net
"Adam Stephens"	http://www.twogallants.com/
"Stereo Pony"	http://www.stereopony.com/
"Leni Stern"	http://www.sonicbids.com/LeniStern
"Steso Songs"	http://www.stesosongs.com
Stoney	http://www.sonicbids.com/Stoney2
"Stupid Party"	http://www.starcleaner.com
"St. Vincent"	http://www.ilovestvincent.com
Sub-division	http://www.myspace.com/subdsubd
"The Subjects"	http://www.thesubjects.net
"Alyssa Suede"	http://www.sonicbids.com/AlyssaSuede
"Peggy Sue"	http://www.myspace.com/peggysueandthepirates
"The Summer Wardrobe"	http://www.thesummerwardrobe.com
"Sun Araw"	http://myspace.com/magiclanternmako
Superdrag	http://www.superdrag.com
Superguidis	http://www.superguidis.com.br
Supersonic	http://myspace.com/supersonichu
"Surinder Sandhu Band"	http://www.sonicbids.com/SurinderSandhuBand
"Sway Machinery"	http://www.swaymachinery.com/
"Fernanda Takai"	http://www.fernandatakai.com.br
"Talk To Angels"	http://www.sonicbids.com/TalkToAngels
"The Tallest Man On Earth"	http://www.thetallestmanonearth.se
"Sofia Talvik"	http://www.sonicbids.com/makakisofiatalvik
"David Tamaoka"	http://www.myspace.com/davidtamaoka
TarantisT	http://www.tarantists.com
TAT	http://www.sonicbids.com/TATness
"Kim Taylor"	http://www.kim-taylor.net
"Maria Taylor"	http://www.maria-taylor.com
"T-Bird & The Breaks"	http://www.sonicbids.com/tbirdandthebreaksepk
"Teenage Bottlerocket"	http://www.myspace.com/teenagebottlerocket
"The Teeners"	http://www.myspace.com/theteeners
Telekinesis!	http://www.myspace.com/michaelbenjaminlerner
Telerama	http://www.telerama.com.br
"The Temper Trap"	http://www.sonicbids.com/TheTemperTrap
"Here We Go Magic feat. Luke Temple"	http://www.myspace.com/luketemple
"Owen Temple"	http://www.sonicbids.com/OwenTemple
Temposhark	http://www.sonicbids.com/Temposhark
"Ten Out of Tenn"	http://www.myspace.com/tenoutoftenn
"Gordie Tentrees"	http://www.sonicbids.com/GordieTentrees
"DON TETTO"	http://www.myspace.com/dontetto
"That 1 Guy"	http://www.sonicbids.com/That1Guy
"Thee Headliners"	http://www.starcleaner.com
Theodore	http://www.theodoremusic.net
"Theoretical Girl"	http://myspace.com/iamtheoreticalgirl
"The Right Ons"	http://www.therightons.com
"These Arms Are Snakes"	http://www.myspace.com/thesearmsaresnakes
"The Third Man"	http://www.thethirdman.com
13ghosts	http://www.sonicbids.com/13ghostsmusic
"This Bike is a Pipe Bomb"	http://www.starcleaner.com
"This Drama"	http://www.thisdrama.com
"neil thomas"	http://www.neilthomasmusic.com
"Rod Thomas"	http://www.myspace.com/rodthomasmusic
"Sandi Thom"	http://www.sonicbids.com/SandiThom
"Those Dancing Days"	http://www.myspace.com/thosedancingdays
3oh!3	http://www.3oh3music.com/
"Throw Me The Statue"	http://www.myspace.com/throwmethestatue
Thunderheist	http://www.thunderheist.com
"J. Tillman"	http://www.jtillmanmusic.com/
"Timothy Bracy's Collection Agency"	http://www.myspace.com/collectionagencyband
"The Tiny"	http://www.sonicbids.com/TheTiny
"Tiny Masters of Today"	http://www.myspace.com/tinymasters
"Tiny Vipers"	http://www.subpop.com/artists/tiny_vipers
T!Katz	http://www.tkatzmusic.com
"Shugo Tokumaru"	http://www.shugotokumaru.com
"Tokyo Sex Destruction"	http://www.myspace.com/tokyosexdestruction
"Tom Cary"	http://www.myspace.com/tomtomcary
"Tony's Hotel"	http://myspace.com/jogtown
Torngat	http://www.torngat.ca
"To The Bones"	http://www.sonicbids.com/ToTheBones2
"The Toxic Avenger"	http://www.myspace.com/toxavanger
"Toy Horses"	http://www.sonicbids.com/ToyHorses
"The Transpersonals"	http://www.myspace.com/thetranspersonals
TRE9	http://www.tre9online.com
"Triple Cobra"	http://www.triplecobra.com
"True Widow"	http://www.myspace.com/truewidow
"Lissy Trullie"	http://www.myspace.com/lizzytrullie
Truthlive	http://www.myspace.com/truthlive
Tulsa	http://www.myspace.com/tulsamusic
"Tungsten Coil"	http://tungstencoil.com
"Turbo Fruits"	http://www.turbofruits.com
Turbowolf	http://www.myspace.com/turbowolfband
"Frank Turner"	http://www.frank-turner.com/blog.html
"The Tutts"	http://www.myspace.com/thetutts
2020Soundsystem	http://www.myspace.com/2020soundsystem
"Twilight Hotel"	http://www.sonicbids.com/TwilightHotel
"Twin Atlantic"	http://www.myspace.com/twinatlantic
"Two Dollar Bash"	http://www.sonicbids.com/TwoDollarBash
"Two Hours Traffic"	http://www.sonicbids.com/twohourstraffic
2Mex	http://www.strangefamousrecords.com
"Uncle Lucius"	http://www.myspace.com/unclelucius
"Underwater Tea Party"	http://www.sonicbids.com/UnderwaterTeaParty
U-N-I	http://www.myspace.com/unimuzik
"The Upsidedown"	http://theupsidedown.com
"U.S. Girls"	http://www.myspace.com/usgirlsss
"Francisca Valenzuela"	http://www.sonicbids.com/FranciscaValenzuela
Valis	http://www.smallstone.com/26-valis.html
"David Vandervelde"	http://www.davidvandervelde.com
Vandex	http://www.myspace/vandexspace
Vanguart	http://www.sonicbids.com/vanguart
"The Vaselines"	http://www.myspace.com/thevaselinesarealive
"Venice Is Sinking"	http://www.veniceissinking.net
"Venison Whirled"	http://www.myspace.com/venisonwhirled
Verde3	http://www.sonicbids.com/verde3
"Very Be Careful"	http://www.verybecareful.com
Vessels	http://vesselsband.com
Vetiver	http://www.vetiverse.com
"Via Audio"	http://viaaudio.net
"Vinil Laranja"	http://www.myspace.com/vinillaranja
VINILOVERSUS	http://www.myspace.com/viniloversus
Violens	http://www.violensmusic.com
"Virgin Passages"	http://www.sonicbids.com/VirginPassages
"Viva Voce"	http://www.vivavoce.com
"Patricia Vonne"	http://www.patriciavonne.com
"Ann Vriend"	http://www.sonicbids.com/AnnVriend
"Amy Wadge"	http://www.amywadge.com
"Brooke Waggoner"	http://www.brookewaggoner.com
"The Wailing Wall"	http://www.myspace.com/jesserifkin
Wale	http://www.myspace.com/wale
"Seth Walker"	http://www.sethwalker.com
Wallpaper.	http://www.myspace.com/wallpaper
"Lucy Walsh"	http://www.myspace.com/lucywalsh
"Warmer Milks"	http://www.animaldisguise.com/warmermilks/
"The War on Drugs"	http://www.thewarondrugs.net
"Money Waters"	http://www.moneywaters.com
"The Wave Pictures"	http://www.thewavepictures.com
"Wax Fang"	http://www.myspace.com/waxfang
"Sean Wayland"	http://www.sonicbids.com/seanwayland
"We Are Balboa"	http://www.sonicbids.com/wearebalboa
"Mitch Webb and the Swindles"	http://www.theswindles.com
"Randy Weeks"	http://www.sonicbids.com/RandyWeeks
"The Week That Was"	http://www.myspace.com/theweekthatwas
"We Have Band"	http://www.myspace.com/wehaveband
"The Weird Weeds"	http://www.weirdweeds.com
"Josh Weller"	http://www.sonicbids.com/joshweller
"Emily Wells"	http://www.myspace.com/emilywells
"Paris Wells"	http://www.pariswells.com.au
"Tyrone Wells"	http://www.sonicbids.com/TyroneWells2
"We Should Be Dead"	http://www.pop4pop.co.uk/
"Westbound Train"	http://www.westboundsound.com
"Western Keys"	http://www.myspace.com/westernkeys
"We Were Lovers"	http://www.sonicbids.com/WeWereLovers
"We Were Promised Jetpacks"	http://myspace.com/wewerepromisedjetpacks
"What's YR Damage?"	http://westpalmbeotch.blogspot.com
Wheat	http://wheatmusic.com
"When Dinosaurs Ruled the Earth"	http://www.myspace.com/lildinos
"When Girls Collide"	http://www.whengirlscollide.com
"The Whip"	http://www.myspace.com/thewhipmanchester
"Andy White"	http://www.sonicbids.com/whiteandy
Whitechapel	http://myspace.com/whitechapel
"White Circle Crime Club"	http://www.sonicbids.com/WhiteCircleCrimeClub
"White Ghost Shivers"	http://whiteghostshivers.com
"White Lies"	http://www.whitelies.com
"Ralph White"	http://www.ralphewhite.com
"White Shoes & The Couples Company"	http://www.sonicbids.com/whiteshoesandthecouplescompany
"Who Shot Hollywood"	http://www.whoshothollywood.com
"Wild Beasts+"	http://myspace.com/wildbeasts
"Wildbirds & Peacedrums"	http://www.wildbirdsandpeacedrums.com/
Wildchild	http://www.myspace.com/jdawildchild
"Wild Moccasins"	http://www.sonicbids.com/wildmoccasins
"Wild Weekend"	http://www.myspace.com/wildweekend07
"Astrid Williamson"	http://www.astridwilliamson.net/
"Elizabeth Wills"	http://rajiworld.com/artists/elizabeth.php
"Wine and Revolution"	http://www.myspace.com/wineandrevolution
"The Woggles"	http://www.thewoggles.com
Wovenhand	http://www.wovenhand.com/
"The Wrens"	http://www.wrens.com
XYX	http://www.nenerecords.net/nenebandas/xyx
"Yak Ballz"	http://www.sonicbids.com/YakBallz
"Yarah Bravo"	http://www.sonicbids.com/YarahBravo
"Year Long Disaster"	http://www.yearlongdisaster.com/
"The YellowDogs"	http://www.sonicbids.com/TheYellowDogs
YellowFever	http://myspace.com/yellerfever
"Don Yojan & La Frescura"	http://www.myspace.com/donyojanlafrescura
"Andy Yorke"	http://www.andyyorke.com
"You Me and Everyone We Know"	http://www.myspace.com/youmeandeveryoneweknow
"Gabby Young And Other Animals"	http://www.gabbyyoung.com
"Young Galaxy"	http://www.younggalaxy.com
"Young Mammals"	http://www.sonicbids.com/YoungMammals
"Your Vegas"	http://www.yourvegasband.com
"Youth Group"	http://www.sonicbids.com/YouthGroup2
Yuppies	http://www.myspace.com/yuppiesband
"Zion I"	http://www.zionicrew.com
"Zola Jesus"	http://www.myspace.com/zolajesus
